Product Name;Product Description;Product Code (SKU);Categories;Price ($);Status;Hub Diameter;Hub Thickness;Shaft Diameter;Weight;Diameter (INCHES);Pitch (INCHES);Diameter (METERS);Pitch (-);Color;UPC Code;Product Weight (NOT for Shipping Calculations) (LBS) ;Weight (grams);Weight (KG)
4.1x4.1E;"Speed 400 Electric
Use LPAR18SF or LPARM12SF adapter rings
Includes one set of rings from LPAR18SF";LP04141E;Multi Rotor (Electric Only), Speed 400 (Electric Only);2.25; ;0.50 in.;0.30 in.;1/4 in.;0.11 oz.;4.1;4.1;0.10414;1;Grey;6.86661E+11;0.0069;3.1;0.0031
4.1x4.1EP;"Speed 400 Electric Pusher
Reverse Rotation
Use LPAR18SF or LPARM12SF adapter rings
Includes one set of rings from LPAR18SF";LP04141EP;Multi Rotor (Electric Only), Speed 400 (Electric Only), Speed 400 Reverse Rotation (Left Hand Rotation);2.25; ;0.50 in.;0.30 in.;1/4 in.;0.11 oz.;4.1;4.1;0.10414;1;Grey;6.86661E+11;0.0069;3.1;0.0031
4.75x4.75E;"Speed 400 Electric
Use LPAR18SF or LPARM12SF adapter rings
Includes one set of rings from LPAR18SF and LPARM12SF";LP04747E;Multi Rotor (Electric Only), Speed 400 (Electric Only);2.25; ;0.50 in.;0.30 in.;1/4 in.;0.14 oz.;4.75;4.75;0.12065;1;Grey;6.86661E+11;0.0088;4;0.004
4.75x4.75EP;"Speed 400 Electric Pusher
Reverse Rotation
Use LPAR18SF or LPARM12SF adapter rings
Includes one set of rings from LPAR18SF and LPARM12SF";LP04747EP;Multi Rotor (Electric Only), Speed 400 (Electric Only), Speed 400 Reverse Rotation (Left Hand Rotation);2.25; ;0.50 in.;0.30 in.;1/4 in.;0.14 oz.;4.75;4.75;0.12065;1;Grey;6.86661E+11;0.0088;4;0.004
5x3E;"Thin Electric
Use LPAR18SF or LPARM12SF adapter rings
Includes one set of rings from LPAR18SF and LPARM12SF";LP05030E;Thin Electric, Multi Rotor (Electric Only);2.25; ;0.50 in.;0.23 in.;1/4 in.;0.11 oz.;5;3;0.127;0.6;Grey;6.86661E+11;0.0069;3.1;0.0031
5x3EP;"Thin Electric Pusher
Reverse Rotation
Use LPAR18SF or LPARM12SF adapter rings
Includes one set of rings from LPAR18SF and LPARM12SF";LP05030EP;Thin Electric, Multi Rotor (Electric Only), Electric Reverse Rotation (Left Hand Rotation);2.25; ;0.50 in.;0.23 in.;1/4 in.;0.11 oz.;5;3;0.127;0.6;Grey;6.86661E+11;0.0069;3.1;0.0031
5x4R-LH;"Reversible ESC - LH, 2 Pack
3D Reversible ESC
Includes two LH rotation propellers";LP05040R-LH;Multi Rotor (Electric Only), 3D - Reversible ESC;2.75; ;0.50 in.;0.28 in.;5 mm;0.14 oz.;5;4;0.127;0.8;Grey;6.86661E+11;0.0176;8;0.008
5x4R-RH;"Reversible ESC - RH, 2 Pack
3D Reversible ESC
Includes two RH rotation propellers";LP05040R-RH;Multi Rotor (Electric Only), 3D - Reversible ESC;2.75; ;0.50 in.;0.28 in.;5 mm;0.14 oz.;5;4;0.127;0.8;Grey;6.86661E+11;0.0176;8;0.008
5x5E;"Speed 400 Electric
Use LPAR18SF or LPARM12SF adapter rings
Includes one set of rings from LPAR18SF and LPARM12SF";LP05050E;Multi Rotor (Electric Only), FPV Racing / Freestyle, Speed 400 (Electric Only);2.25; ;0.50 in.;0.25 in.;1/4 in.;0.14 oz.;5;5;0.127;1;Grey;6.86661E+11;0.0088;4;0.004
5x5EP;"Speed 400 Electric Pusher
Reverse Rotation
Use LPAR18SF or LPARM12SF adapter rings
Includes one set of rings from LPAR18SF and LPARM12SF";LP05050EP;Multi Rotor (Electric Only), FPV Racing / Freestyle, Speed 400 (Electric Only), Speed 400 Reverse Rotation (Left Hand Rotation);2.25; ;0.50 in.;0.25 in.;1/4 in.;0.14 oz.;5;5;0.127;1;Grey;6.86661E+11;0.0088;4;0.004
B5x5E;"Speed 400 Electric
Use LPAR18SF or LPARM12SF adapter rings
Includes one set of rings from LPAR18SF and LPARM12SF
The material is the same fiberglass composite used in our grey props, just the color is black";LPB05050E;Multi Rotor (Electric Only), FPV Racing / Freestyle, Speed 400 (Electric Only), Black FPV, Black MR, Black Speed 400;2.25; ;0.50 in.;0.25 in.;1/4 in.;0.14 oz.;5;5;0.127;1;Black;6.86661E+11;0.0088;4;0.004
B5x5EP;"Speed 400 Electric Pusher
Reverse Rotation
Use LPAR18SF or LPARM12SF adapter rings
Includes one set of rings from LPAR18SF and LPARM12SF
The material is the same fiberglass composite used in our grey props, just the color is black";LPB05050EP;Multi Rotor (Electric Only), FPV Racing / Freestyle, Speed 400 (Electric Only), Black FPV, Black MR, Speed 400 Reverse Rotation (Left Hand Rotation), Black Speed 400;2.25; ;0.50 in.;0.25 in.;1/4 in.;0.14 oz.;5;5;0.127;1;Black;6.86661E+11;0.0088;4;0.004
5x7.5E;"Speed 400 Electric
Use LPAR18SF or LPARM12SF adapter rings
Includes one set of rings from LPARM12SF
Includes Nylon spacer for hub";LP05075E;Multi Rotor (Electric Only), FPV Racing / Freestyle, Speed 400 (Electric Only);2.35; ;0.50 in.;0.28 in.;5 mm;0.18 oz.;5;7.5;0.127;1.5;Grey;6.86661E+11;0.011;5;0.005
5x7.5EP;"Speed 400 Electric Pusher
Reverse Rotation
Use LPAR18SF or LPARM12SF adapter rings
Includes one set of rings from LPARM12SF
Includes Nylon spacer for hub";LP05075EP;Multi Rotor (Electric Only), FPV Racing / Freestyle, Speed 400 (Electric Only), Speed 400 Reverse Rotation (Left Hand Rotation);2.35; ;0.50 in.;0.28 in.;5 mm;0.18 oz.;5;7.5;0.127;1.5;Grey;6.86661E+11;0.011;5;0.005
5.1x5.0E-B4;"FPV Racing Bundle (5.1x5.0E and 5.1x5.0EP)
Package contains four propellers (2 standard rotation and 2 reverse rotation)";LP05150E-B4;"Multi Rotor (Electric Only), Bundle (2 CW &amp; 2 CCW), FPV Racing / Freestyle";4.96; ;0.50 in.;0.28 in.;5 mm;0.14 oz.;5.1;5;0.12954;0.980392157;GREY;6.86661E+11;0.0352;16;0.016
BD5.1x5.0E-B4;"DURABLE
FPV Racing Bundle (5.1x5.0E and 5.1x5.0EP)
Package contains four propellers (2 standard rotation and 2 reverse rotation)";LPBD05150E-B4;"Multi Rotor (Electric Only), Bundle (2 CW &amp; 2 CCW), FPV Racing / Freestyle, Black FPV, Black MR, Durable FPV";3.49;;0.50 in.;0.28 in.;5 mm;0.11 oz.;5.1;5;0.12954;0.980392157;Black;6.86661E+11;0.0264;12;0.012
5.2x6.0E-B4;"FPV Racing Bundle (5.2x6.0E and 5.2x6.0EP)
Package contains four propellers (2 standard rotation and 2 reverse rotation)";LP05260E-B4;"Multi Rotor (Electric Only), Bundle (2 CW &amp; 2 CCW), FPV Racing / Freestyle";4.96; ;0.50 in.;0.28 in.;5 mm;0.14 oz.;5.2;6;0.13208;1.153846154;Grey;6.86661E+11;0.0352;16;0.016
5.5x4.5E;"Speed 400 Electric
Use LPAR18SF or LPARM12SF adapter rings
Includes one set of rings from LPAR18SF and LPARM12SF";LP05545E;Multi Rotor (Electric Only), FPV Racing / Freestyle, Speed 400 (Electric Only);2.25; ;0.50 in.;0.30 in.;1/4 in.;0.14 oz.;5.5;4.5;0.1397;0.818181818;Grey;6.86661E+11;0.0088;4;0.004
5.5x4.5EP;"Speed 400 Electric Pusher
Reverse Rotation
Use LPAR18SF or LPARM12SF adapter rings
Includes one set of rings from LPAR18SF and LPARM12SF";LP05545EP;Multi Rotor (Electric Only), FPV Racing / Freestyle, Speed 400 (Electric Only), Speed 400 Reverse Rotation (Left Hand Rotation);2.25; ;0.50 in.;0.30 in.;1/4 in.;0.14 oz.;5.5;4.5;0.1397;0.818181818;Grey;6.86661E+11;0.0088;4;0.004
B5.5x4.5E;"Speed 400 Electric
Use LPAR18SF or LPARM12SF adapter rings
Includes one set of rings from LPAR18SF and LPARM12SF
The material is the same fiberglass composite used in our grey props, just the color is black";LPB05545E;Multi Rotor (Electric Only), FPV Racing / Freestyle, Speed 400 (Electric Only), Black FPV, Black MR, Black Speed 400;2.25; ;0.50 in.;0.30 in.;1/4 in.;0.14 oz.;5.5;4.5;0.1397;0.818181818;Black;6.86661E+11;0.0088;4;0.004
B5.5x4.5EP;"Speed 400 Electric Pusher
Reverse Rotation
Use LPAR18SF or LPARM12SF adapter rings
Includes one set of rings from LPAR18SF and LPARM12SF
The material is the same fiberglass composite used in our grey props, just the color is black";LPB05545EP;Multi Rotor (Electric Only), FPV Racing / Freestyle, Speed 400 (Electric Only), Black FPV, Black MR, Speed 400 Reverse Rotation (Left Hand Rotation), Black Speed 400;2.25; ;0.50 in.;0.30 in.;1/4 in.;0.14 oz.;5.5;4.5;0.1397;0.818181818;Black;6.86661E+11;0.0088;4;0.004
6x3R-LH;"Reversible ESC - LH, 2 Pack
3D Reversible ESC
Includes two LH rotation propellers and two sets of adapter rings from LPARM12SF";LP06030R-LH;Multi Rotor (Electric Only), 3D - Reversible ESC;2.95; ;0.50 in.;0.27 in.;5 mm;0.14 oz.;6;3;0.1524;0.5;Grey;6.86661E+11;0.0176;8;0.008
6x3R-RH;"Reversible ESC - RH, 2 Pack
3D Reversible ESC
Includes two RH rotation propellers and two sets of adapter rings from LPARM12SF";LP06030R-RH;Multi Rotor (Electric Only), 3D - Reversible ESC;2.95; ;0.50 in.;0.27 in.;5 mm;0.14 oz.;6;3;0.1524;0.5;Grey;6.86661E+11;0.0176;8;0.008
6x4E;"Speed 400 Electric
Use LPAR18SF or LPARM12SF adapter rings
Includes one set of rings from LPAR18SF and LPARM12SF";LP06040E;Multi Rotor (Electric Only), FPV Racing / Freestyle, Speed 400 (Electric Only);2.29; ;0.50 in.;0.25 in.;1/4 in.;0.18 oz.;6;4;0.1524;0.666666667;Grey;6.86661E+11;0.0113;5.1;0.0051
6x4EP;"Speed 400 Electric Pusher
Reverse Rotation
Use LPAR18SF or LPARM12SF adapter rings
Includes one set of rings from LPAR18SF and LPARM12SF";LP06040EP;Multi Rotor (Electric Only), FPV Racing / Freestyle, Speed 400 (Electric Only), Speed 400 Reverse Rotation (Left Hand Rotation);2.29; ;0.50 in.;0.25 in.;1/4 in.;0.18 oz.;6;4;0.1524;0.666666667;Grey;6.86661E+11;0.0113;5.1;0.0051
B6x4E;"Speed 400 Electric
Use LPAR18SF or LPARM12SF adapter rings
Includes one set of rings from LPAR18SF and LPARM12SF
The material is the same fiberglass composite used in our grey props, just the color is black";LPB06040E;Multi Rotor (Electric Only), FPV Racing / Freestyle, Speed 400 (Electric Only), Black FPV, Black MR, Black Speed 400;2.29; ;0.50 in.;0.25 in.;1/4 in.;0.18 oz.;6;4;0.1524;0.666666667;Black;6.86661E+11;0.0113;5.1;0.0051
B6x4EP;"Speed 400 Electric Pusher
Reverse Rotation
Use LPAR18SF or LPARM12SF adapter rings
Includes one set of rings from LPAR18SF and LPARM12SF
The material is the same fiberglass composite used in our grey props, just the color is black";LPB06040EP;Multi Rotor (Electric Only), FPV Racing / Freestyle, Speed 400 (Electric Only), Black FPV, Black MR, Speed 400 Reverse Rotation (Left Hand Rotation), Black Speed 400;2.29; ;0.50 in.;0.25 in.;1/4 in.;0.18 oz.;6;4;0.1524;0.666666667;Black;6.86661E+11;0.0113;5.1;0.0051
6x6E;"Thin Electric
Use LPAR18SF or LPARM12SF adapter rings
Includes one set of rings from LPAR18SF and LPARM12SF";LP06060E;Thin Electric, Multi Rotor (Electric Only), FPV Racing / Freestyle;2.29; ;0.50 in.;0.26 in.;1/4 in.;0.18 oz.;6;6;0.1524;1;Grey;6.86661E+11;0.0113;5.1;0.0051
6x6EP;"Thin Electric Pusher
Reverse Rotation
Use LPAR18SF or LPARM12SF adapter rings
Includes one set of rings from LPAR18SF and LPARM12SF";LP06060EP;Thin Electric, Multi Rotor (Electric Only), Electric Reverse Rotation (Left Hand Rotation), FPV Racing / Freestyle;2.29; ;0.50 in.;0.26 in.;1/4 in.;0.18 oz.;6;6;0.1524;1;Grey;6.86661E+11;0.0113;5.1;0.0051
B6x6E;"Thin Electric
Use LPAR18SF or LPARM12SF adapter rings
Includes one set of rings from LPAR18SF and LPARM12SF
The material is the same fiberglass composite used in our grey props, just the color is black";LPB06060E;Thin Electric, Multi Rotor (Electric Only), Black MR, Black Thin Electric;2.29; ;0.50 in.;0.26 in.;1/4 in.;0.18 oz.;6;6;0.1524;1;Black;6.86661E+11;0.011;5;0.005
B6x6EP;"Thin Electric Pusher
Reverse Rotation
Use LPAR18SF or LPARM12SF adapter rings
Includes one set of rings from LPAR18SF and LPARM12SF
The material is the same fiberglass composite used in our grey props, just the color is black";LPB06060EP;Thin Electric, Multi Rotor (Electric Only), Electric Reverse Rotation (Left Hand Rotation), Black MR, Black Thin Electric;2.29;;0.50 in.;0.26 in.;1/4 in.;0.18 oz.;6;6;0.1524;1;Black;6.86661E+11;0.011;5;0.005
7x4E;"Thin Electric
Use LPAR18SF or LPARM12SF adapter rings
Includes one set of rings from LPAR18SF and LPARM12SF";LP07040E;Thin Electric, Multi Rotor (Electric Only);2.39; ;0.50 in.;0.33 in.;1/4 in.;0.28 oz.;7;4;0.1778;0.571428571;Grey;6.86661E+11;0.0176;8;0.008
7x4EP;"Thin Electric Pusher
Reverse Rotation
Use LPAR18SF or LPARM12SF adapter rings
Includes one set of rings from LPAR18SF and LPARM12SF";LP07040EP;Thin Electric, Multi Rotor (Electric Only), Electric Reverse Rotation (Left Hand Rotation);2.39; ;0.50 in.;0.33 in.;1/4 in.;0.28 oz.;7;4;0.1778;0.571428571;Grey;6.86661E+11;0.0176;8;0.008
7x4SF;"Slow Flyer
Use LPAR18SF or LPARM12SF adapter rings
Includes one set of rings from LPAR18SF";LP07040SF;Multi Rotor (Electric Only), Slow Fly (Electric Only);2.29; ;0.50 in.;0.32 in.;1/4 in.;0.18 oz.;7;4;0.1778;0.571428571;Grey;6.86661E+11;0.0113;5.1;0.0051
7x4SFP;"Slow Flyer Pusher
Reverse Rotation
Use LPAR18SF or LPARM12SF adapter rings
Includes one set of rings from LPAR18SF";LP07040SFP;Multi Rotor (Electric Only), Slow Fly (Electric Only), Slow Fly Reverse Rotation (Left Hand Rotation);2.29; ;0.50 in.;0.32 in.;1/4 in.;0.18 oz.;7;4;0.1778;0.571428571;Grey;6.86661E+11;0.0113;5.1;0.0051
B7x4E;"Thin Electric
Use LPAR18SF or LPARM12SF adapter rings
Includes one set of rings from LPAR18SF and LPARM12SF
The material is the same fiberglass composite used in our grey props, just the color is black";LPB07040E;Thin Electric, Multi Rotor (Electric Only), Black MR, Black Thin Electric;2.39; ;0.50 in.;0.33 in.;1/4 in.;0.28 oz.;7;4;0.1778;0.571428571;Black;6.86661E+11;0.0176;8;0.008
B7x4EP;"Thin Electric Pusher
Reverse Rotation
Use LPAR18SF or LPARM12SF adapter rings
Includes one set of rings from LPAR18SF and LPARM12SF
The material is the same fiberglass composite used in our grey props, just the color is black";LPB07040EP;Thin Electric, Multi Rotor (Electric Only), Electric Reverse Rotation (Left Hand Rotation), Black MR, Black Thin Electric;2.39; ;0.50 in.;0.33 in.;1/4 in.;0.28 oz.;7;4;0.1778;0.571428571;Black;6.86661E+11;0.0176;8;0.008
7x5E;"Thin Electric
Use LPAR18SF or LPARM12SF adapter rings
Includes one set of rings from LPAR18SF and LPARM12SF";LP07050E;Thin Electric, Multi Rotor (Electric Only);2.39; ;0.50 in.;0.33 in.;1/4 in.;0.28 oz.;7;5;0.1778;0.714285714;Grey;6.86661E+11;0.0176;8;0.008
7x5EP;"Thin Electric Pusher
Reverse Rotation
Use LPAR18SF or LPARM12SF adapter rings
Includes one set of rings from LPAR18SF and LPARM12SF";LP07050EP;Thin Electric, Multi Rotor (Electric Only), Electric Reverse Rotation (Left Hand Rotation);2.39; ;0.50 in.;0.33 in.;1/4 in.;0.28 oz.;7;5;0.1778;0.714285714;Grey;6.86661E+11;0.0176;8;0.008
B7x5E;"Thin Electric
Use LPAR18SF or LPARM12SF adapter rings
Includes one set of rings from LPAR18SF and LPARM12SF
The material is the same fiberglass composite used in our grey props, just the color is black";LPB07050E;Thin Electric, Multi Rotor (Electric Only), Black MR, Black Thin Electric;2.39; ;0.50 in.;0.33 in.;1/4 in.;0.28 oz.;7;5;0.1778;0.714285714;Black;6.86661E+11;0.0176;8;0.008
B7x5EP;"Thin Electric Pusher
Reverse Rotation
Use LPAR18SF or LPARM12SF adapter rings
Includes one set of rings from LPAR18SF and LPARM12SF
The material is the same fiberglass composite used in our grey props, just the color is black";LPB07050EP;Thin Electric, Multi Rotor (Electric Only), Electric Reverse Rotation (Left Hand Rotation), Black MR, Black Thin Electric;2.39; ;0.50 in.;0.33 in.;1/4 in.;0.28 oz.;7;5;0.1778;0.714285714;Black;6.86661E+11;0.0176;8;0.008
7x6E;"Thin Electric
Use LPAR18SF or LPARM12SF adapter rings
Includes one set of rings from LPAR18SF and LPARM12SF";LP07060E;Thin Electric, Multi Rotor (Electric Only);2.39; ;0.50 in.;0.33 in.;1/4 in.;0.28 oz.;7;6;0.1778;0.857142857;Grey;6.86661E+11;0.0176;8;0.008
7x6EP;"Thin Electric Pusher
Reverse Rotation
Use LPAR18SF or LPARM12SF adapter rings
Includes one set of rings from LPAR18SF and LPARM12SF";LP07060EP;Thin Electric, Multi Rotor (Electric Only), Electric Reverse Rotation (Left Hand Rotation);2.39; ;0.50 in.;0.33 in.;1/4 in.;0.28 oz.;7;6;0.1778;0.857142857;Grey;6.86661E+11;0.0176;8;0.008
B7x6E;"Thin Electric
Use LPAR18SF or LPARM12SF adapter rings
Includes one set of rings from LPAR18SF and LPARM12SF
The material is the same fiberglass composite used in our grey props, just the color is black";LPB07060E;Thin Electric, Multi Rotor (Electric Only), Black MR, Black Thin Electric;2.39; ;0.50 in.;0.33 in.;1/4 in.;0.28 oz.;7;6;0.1778;0.857142857;Black;6.86661E+11;0.0176;8;0.008
B7x6EP;"Thin Electric Pusher
Reverse Rotation
Use LPAR18SF or LPARM12SF adapter rings
Includes one set of rings from LPAR18SF and LPARM12SF
The material is the same fiberglass composite used in our grey props, just the color is black";LPB07060EP;Thin Electric, Multi Rotor (Electric Only), Electric Reverse Rotation (Left Hand Rotation), Black MR, Black Thin Electric;2.39; ;0.50 in.;0.33 in.;1/4 in.;0.28 oz.;7;6;0.1778;0.857142857;Black;6.86661E+11;0.0176;8;0.008
8x3.8SF;"Slow Flyer
Use LPAR18SF or LPARM12SF adapter rings
Includes one set of rings from LPAR18SF";LP08038SF;Multi Rotor (Electric Only), Slow Fly (Electric Only);2.45; ;0.50 in.;0.30 in.;1/4 in.;0.25 oz.;8;3.8;0.2032;0.475;Grey;6.86661E+11;0.0156;7.1;0.0071
8x3.8SFP;"Slow Flyer Pusher
Reverse Rotation
Use LPAR18SF or LPARM12SF adapter rings
Includes one set of rings from LPAR18SF";LP08038SFP;Multi Rotor (Electric Only), Slow Fly (Electric Only), Slow Fly Reverse Rotation (Left Hand Rotation);2.45; ;0.50 in.;0.30 in.;1/4 in.;0.25 oz.;8;3.8;0.2032;0.475;Grey;6.86661E+11;0.0156;7.1;0.0071
B8x3.8SF;"Slow Flyer
Use LPAR18SF or LPARM12SF adapter rings
Includes one set of rings from LPAR18SF
The material is the same fiberglass composite used in our grey props, just the color is black";LPB08038SF;Multi Rotor (Electric Only), Slow Fly (Electric Only), Black MR, Black SF;2.45; ;0.50 in.;0.30 in.;1/4 in.;0.25 oz.;8;3.8;0.2032;0.475;Black;6.86661E+11;0.0156;7.1;0.0071
B8x3.8SFP;"Slow Flyer
Reverse Rotation
Use LPAR18SF or LPARM12SF adapter rings
Includes one set of rings from LPAR18SF
The material is the same fiberglass composite used in our grey props, just the color is black";LPB08038SFP;Multi Rotor (Electric Only), Slow Fly (Electric Only), Slow Fly Reverse Rotation (Left Hand Rotation), Black MR, Black SF;2.45; ;0.50 in.;0.30 in.;1/4 in.;0.25 oz.;8;3.8;0.2032;0.475;Black;6.86661E+11;0.0156;7.1;0.0071
8x4.5MR;"Multi-Rotor
Standard Rotation
Use LPAR06E adapter rings (not included)";LP08045MR;Multi Rotor (Electric Only);2.36; ;0.65 in.;0.33 in.;1/4 in.;0.32 oz.;8;4.5;0.2032;0.5625;Grey;6.86661E+11;0.02;9.1;0.0091
8x4.5MRP;"Multi-Rotor Pusher
Reverse Rotation
Use LPAR06E adapter rings (not included)";LP08045MRP;Multi Rotor (Electric Only);2.36; ;0.65 in.;0.33 in.;1/4 in.;0.32 oz.;8;4.5;0.2032;0.5625;Grey;6.86661E+11;0.02;9.1;0.0091
8x4.7SF;"Slow Flyer
Use LPAR18SF or LPARM12SF adapter rings
Includes one set of rings from LPAR18SF";LP08047SF;Multi Rotor (Electric Only), Slow Fly (Electric Only);2.45; ;0.50 in.;0.30 in.;1/4 in.;0.25 oz.;8;4.7;0.2032;0.5875;Grey;6.86661E+11;0.0156;7.1;0.0071
8x4.7SFP;"Slow Flyer Pusher
Reverse Rotation
Use LPAR18SF or LPARM12SF adapter rings
Includes one set of rings from LPAR18SF";LP08047SFP;Multi Rotor (Electric Only), Slow Fly (Electric Only), Slow Fly Reverse Rotation (Left Hand Rotation);2.45; ;0.50 in.;0.30 in.;1/4 in.;0.25 oz.;8;4.7;0.2032;0.5875;Grey;6.86661E+11;0.0156;7.1;0.0071
B8x4.7SF;"Slow Flyer
Use LPAR18SF or LPARM12SF adapter rings
Includes one set of rings from LPAR18SF
The material is the same fiberglass composite used in our grey props, just the color is black";LPB08047SF;Multi Rotor (Electric Only), Slow Fly (Electric Only), Black MR, Black SF;2.45; ;0.50 in.;0.30 in.;1/4 in.;0.25 oz.;8;4.7;0.2032;0.5875;Black;6.86661E+11;0.0156;7.1;0.0071
B8x4.7SFP;"Slow Flyer Pusher
Reverse Rotation
Use LPAR18SF or LPARM12SF adapter rings
Includes one set of rings from LPAR18SF
The material is the same fiberglass composite used in our grey props, just the color is black";LPB08047SFP;Multi Rotor (Electric Only), Slow Fly (Electric Only), Slow Fly Reverse Rotation (Left Hand Rotation), Black MR, Black SF;2.45; ;0.50 in.;0.30 in.;1/4 in.;0.25 oz.;8;4.7;0.2032;0.5875;Black;6.86661E+11;0.0156;7.1;0.0071
9x3.8SF;"Slow Flyer
Use LPAR18SF or LPARM12SF adapter rings
Includes one set of rings from LPAR18SF";LP09038SF;Multi Rotor (Electric Only), Slow Fly (Electric Only);2.71; ;0.50 in.;0.33 in.;1/4 in.;0.32 oz.;9;3.8;0.2286;0.422222222;Grey;6.86661E+11;0.02;9.1;0.0091
9x3.8SFP;"Slow Flyer Pusher
Reverse Rotation
Use LPAR18SF or LPARM12SF adapter rings
Includes one set of rings from LPAR18SF";LP09038SFP;Multi Rotor (Electric Only), Slow Fly (Electric Only), Slow Fly Reverse Rotation (Left Hand Rotation);2.71; ;0.50 in.;0.33 in.;1/4 in.;0.32 oz.;9;3.8;0.2286;0.422222222;Grey;6.86661E+11;0.02;9.1;0.0091
9x4.5MR;"Multi-Rotor
Use LPAR06E adapter rings (not included)";LP09045MR;Multi Rotor (Electric Only);2.59; ;0.65 in.;0.34 in.;1/4 in.;0.39 oz.;9;4.5;0.2286;0.5;Grey;6.86661E+11;0.0244;11.1;0.0111
9x4.5MRF-LH;"Multi-Rotor Folding
Left Hand Rotation (Reverse)
Includes Two Blades
3mm Pin Hole
Use with 20mm - 35mm Hubs (not included)";LP09045MRF-LH;Multi Rotor (Electric Only), MR Folding;3.85;;NA;4.5 mm;3 mm;0.32 oz.;9;4.5;0.2286;0.5;Grey;6.86661E+11;0.0198;9;0.009
9x4.5MRF-RH;"Multi-Rotor Folding
Right Hand Rotation
Includes Two Blades
3mm Pin Hole
Use with 20mm - 35mm Hubs (not included)";LP09045MRF-RH;Multi Rotor (Electric Only), MR Folding;3.85;;NA;4.5 mm;3 mm;0.32 oz.;9;4.5;0.2286;0.5;Grey;6.86661E+11;0.0198;9;0.009
9x4.5MRP;"Multi-Rotor Pusher
Reverse Rotation
Use LPAR06E adapter rings (not included)";LP09045MRP;Multi Rotor (Electric Only);2.59; ;0.65 in.;0.34 in.;1/4 in.;0.39 oz.;9;4.5;0.2286;0.5;Grey;6.86661E+11;0.0244;11.1;0.0111
9x4.5R-LH;"Reversible ESC - LH, 2 Pack
3D Reversible ESC
Includes two LH rotation propellers and two sets of adapter rings from LPAR06E";LP09045R-LH;Multi Rotor (Electric Only), 3D - Reversible ESC;4.25; ;0.65 in.;0.34 in.;1/4 in.;0.46 oz.;9;4.5;0.2286;0.5;Grey;6.86661E+11;0.0574;26;0.026
9x4.5R-RH;"Reversible ESC - RH, 2 Pack
3D Reversible ESC
Includes two RH rotation propellers and two sets of adapter rings from LPAR06E";LP09045R-RH;Multi Rotor (Electric Only), 3D - Reversible ESC;4.25; ;0.65 in.;0.34 in.;1/4 in.;0.46 oz.;9;4.5;0.2286;0.5;Grey;6.86661E+11;0.0574;26;0.026
9x4.7SF;"Slow Flyer
Use LPAR18SF or LPARM12SF adapter rings
Includes one set of rings from LPAR18SF";LP09047SF;Multi Rotor (Electric Only), Slow Fly (Electric Only);2.71; ;0.50 in.;0.31 in.;1/4 in.;0.32 oz.;9;4.7;0.2286;0.522222222;Grey;6.86661E+11;0.02;9.1;0.0091
9x4.7SFP;"Slow Flyer Pusher
Reverse Rotation
Use LPAR18SF or LPARM12SF adapter rings
Includes one set of rings from LPAR18SF";LP09047SFP;Multi Rotor (Electric Only), Slow Fly (Electric Only), Slow Fly Reverse Rotation (Left Hand Rotation);2.71; ;0.50 in.;0.31 in.;1/4 in.;0.32 oz.;9;4.7;0.2286;0.522222222;Grey;6.86661E+11;0.02;9.1;0.0091
B9x4.7SF;"Slow Flyer
Use LPAR18SF or LPARM12SF adapter rings
Includes one set of rings from LPAR18SF
The material is the same fiberglass composite used in our grey props, just the color is black";LPB09047SF;Multi Rotor (Electric Only), Slow Fly (Electric Only), Black MR, Black SF;2.71; ;0.50 in.;0.31 in.;1/4 in.;0.32 oz.;9;4.7;0.2286;0.522222222;Black;6.86661E+11;0.02;9.1;0.0091
B9x6SF;"Slow Flyer
Use LPAR18SF or LPARM12SF adapter rings
Includes one set of rings from LPAR18SF
The material is the same fiberglass composite used in our grey props, just the color is black";LPB09060SF;Multi Rotor (Electric Only), Slow Fly (Electric Only), Black MR, Black SF;2.71; ;0.50 in.;0.30 in.;1/4 in.;0.32 oz.;9;6;0.2286;0.666666667;Black;6.86661E+11;0.02;9.1;0.0091
9.5x5MR-P3;"Multi-Rotor - RH, 2 Pack (for Phantom 3)
The best choice for your Phantom!
Standard Rotation (RH) replacement for Phantom 3 Silver propeller
Matching Reverse Rotation is 9.5x5MRP-P3
Includes two propellers
Attach with M6-1 nuts LPNUTSETM6 (not included)
For smaller motor shafts, use Metric Adapter Rings LPARM12SF";LP09550MR-P3;Multi Rotor (Electric Only);5.5; ;0.65 in.;0.30 in.;8 mm;0.42 oz.;9.5;5;0.2413;0.526315789;Grey;6.86661E+11;0.053;24;0.024
9.5x5MRP-P3;"Multi-Rotor Pusher - LH, 2 Pack (for Phantom 3)
The best choice for your Phantom!
Reverse Rotation (LH) replacement for Phantom 3 Black propeller
Matching Standard Rotation is 9.5x5MR-P3
Includes two propellers
Attach with M6-1 nuts LPNUTSETM6 (not included)
For smaller motor shafts, use Metric Adapter Rings LPARM12SF";LP09550MRP-P3;Multi Rotor (Electric Only);5.5; ;0.65 in.;0.30 in.;8 mm;0.42 oz.;9.5;5;0.2413;0.526315789;Grey;6.86661E+11;0.053;24;0.024
10x3.8MRF-LH;"Multi-Rotor Folding
Left Hand Rotation (Reverse)
Includes Two Blades
3mm Pin Hole
Use with 20mm - 35mm Hubs (not included)";LP10038MRF-LH;Multi Rotor (Electric Only), MR Folding;3.45;;NA;6.3 mm;3 mm;0.35 oz.;10;3.8;0.254;0.38;Grey;6.86661E+11;0.022;10;0.01
10x3.8MRF-RH;"Multi-Rotor Folding
Right Hand Rotation
Includes Two Blades
3mm Pin Hole
Use with 20mm - 35mm Hubs (not included)";LP10038MRF-RH;Multi Rotor (Electric Only), MR Folding;3.45;;NA;6.3 mm;3 mm;0.35 oz.;10;3.8;0.254;0.38;Grey;6.86661E+11;0.022;10;0.01
10x3.8SF;"Slow Flyer
Use LPAR18SF or LPARM12SF adapter rings
Includes one set of rings from LPAR18SF";LP10038SF;Multi Rotor (Electric Only), Slow Fly (Electric Only);3.06; ;0.50 in.;0.31 in.;1/4 in.;0.42 oz.;10;3.8;0.254;0.38;Grey;6.86661E+11;0.0263;11.9;0.0119
10x3.8SFP;"Slow Flyer Pusher
Reverse Rotation
Use LPAR18SF or LPARM12SF adapter rings
Includes one set of rings from LPAR18SF";LP10038SFP;Multi Rotor (Electric Only), Slow Fly (Electric Only), Slow Fly Reverse Rotation (Left Hand Rotation);3.06; ;0.50 in.;0.31 in.;1/4 in.;0.42 oz.;10;3.8;0.254;0.38;Grey;6.86661E+11;0.0263;11.9;0.0119
10x4.5MR;"Multi-Rotor
Use LPAR06E adapter rings (not included)";LP10045MR;Multi Rotor (Electric Only);2.93; ;0.65 in.;0.35 in.;1/4 in.;0.53 oz.;10;4.5;0.254;0.45;Grey;6.86661E+11;0.0331;15;0.015
10x4.5MRF-LH;"Multi-Rotor Folding
Left Hand Rotation (Reverse)
Includes Two Blades
3mm Pin Hole
Use with 25mm - 35mm Hubs (not included)";LP10045MRF-LH;Multi Rotor (Electric Only), MR Folding;4.25;;NA;4.5 mm;3 mm;0.42 oz.;10;4.5;0.254;0.45;Grey;6.86661E+11;0.0265;12;0.012
10x4.5MRF-RH;"Multi-Rotor Folding
Right Hand Rotation
Includes Two Blades
3mm Pin Hole
Use with 25mm - 35mm Hubs (not included)";LP10045MRF-RH;Multi Rotor (Electric Only), MR Folding;4.25;;NA;4.5 mm;3 mm;0.42 oz.;10;4.5;0.254;0.45;Grey;6.86661E+11;0.0265;12;0.012
10x4.5MRP;"Multi-Rotor Pusher
Reverse Rotation
Use LPAR06E adapter rings (not included)";LP10045MRP;Multi Rotor (Electric Only);2.93; ;0.65 in.;0.35 in.;1/4 in.;0.53 oz.;10;4.5;0.254;0.45;Grey;6.86661E+11;0.0331;15;0.015
10x4.7SF;"Slow Flyer
Use LPAR18SF or LPARM12SF adapter rings
Includes one set of rings from LPAR18SF";LP10047SF;Multi Rotor (Electric Only), Slow Fly (Electric Only);3.06; ;0.50 in.;0.29 in.;1/4 in.;0.42 oz.;10;4.7;0.254;0.47;Grey;6.86661E+11;0.0263;11.9;0.0119
10x4.7SFP;"Slow Flyer Pusher
Reverse Rotation
Use LPAR18SF or LPARM12SF adapter rings
Includes one set of rings from LPAR18SF";LP10047SFP;Multi Rotor (Electric Only), Slow Fly (Electric Only), Slow Fly Reverse Rotation (Left Hand Rotation);3.06; ;0.50 in.;0.29 in.;1/4 in.;0.42 oz.;10;4.7;0.254;0.47;Grey;6.86661E+11;0.0263;11.9;0.0119
B10x4.7SF;"Slow Flyer
Use LPAR18SF or LPARM12SF adapter rings
Includes one set of rings from LPAR18SF
The material is the same fiberglass composite used in our grey props, just the color is black";LPB10047SF;Multi Rotor (Electric Only), Slow Fly (Electric Only), Black MR, Black SF;3.06; ;0.50 in.;0.29 in.;1/4 in.;0.42 oz.;10;4.7;0.254;0.47;Black;6.86661E+11;0.0263;11.9;0.0119
10x5.5MR;"Multi-Rotor
Use LPAR06E adapter rings (not included)";LP10055MR;Multi Rotor (Electric Only);2.93; ;0.65 in.;0.35 in.;1/4 in.;0.53 oz.;10;5.5;0.254;0.55;Grey;6.86661E+11;0.0331;15;0.015
10x5.5MRP;"Multi-Rotor Pusher
Reverse Rotation
Use LPAR06E adapter rings (not included)";LP10055MRP;Multi Rotor (Electric Only);2.93; ;0.65 in.;0.35 in.;1/4 in.;0.53 oz.;10;5.5;0.254;0.55;Grey;6.86661E+11;0.0331;15;0.015
11x3.8SF;"Slow Flyer
Use LPAR18SF or LPARM12SF adapter rings
Includes one set of rings from LPAR18SF";LP11038SF;Multi Rotor (Electric Only), Slow Fly (Electric Only);3.52; ;0.50 in.;0.31 in.;1/4 in.;0.53 oz.;11;3.8;0.2794;0.345454545;Grey;6.86661E+11;0.0331;15;0.015
11x3.8SFP;"Slow Flyer Pusher
Reverse Rotation
Use LPAR18SF or LPARM12SF adapter rings
Includes one set of rings from LPAR18SF";LP11038SFP;Multi Rotor (Electric Only), Slow Fly (Electric Only), Slow Fly Reverse Rotation (Left Hand Rotation);3.52; ;0.50 in.;0.31 in.;1/4 in.;0.53 oz.;11;3.8;0.2794;0.345454545;Grey;6.86661E+11;0.0331;15;0.015
11x4.5MR;"Multi-Rotor
Use LPAR06E adapter rings (not included)";LP11045MR;Multi Rotor (Electric Only);3.38; ;0.65 in.;0.35 in.;1/4 in.;0.60 oz.;11;4.5;0.2794;0.409090909;Grey;6.86661E+11;0.0375;17;0.017
11x4.5MRP;"Multi-Rotor Pusher
Reverse Rotation
Use LPAR06E adapter rings (not included)";LP11045MRP;Multi Rotor (Electric Only);3.38; ;0.65 in.;0.35 in.;1/4 in.;0.60 oz.;11;4.5;0.2794;0.409090909;Grey;6.86661E+11;0.0375;17;0.017
11x4.7SF;"Slow Flyer
Use LPAR18SF or LPARM12SF adapter rings
Includes one set of rings from LPAR18SF";LP11047SF;Multi Rotor (Electric Only), Slow Fly (Electric Only);3.52; ;0.50 in.;0.29 in.;1/4 in.;0.53 oz.;11;4.7;0.2794;0.427272727;Grey;6.86661E+11;0.0331;15;0.015
11x4.7SFP;"Slow Flyer Pusher
Reverse Rotation
Use LPAR18SF or LPARM12SF adapter rings
Includes one set of rings from LPAR18SF";LP11047SFP;Multi Rotor (Electric Only), Slow Fly (Electric Only), Slow Fly Reverse Rotation (Left Hand Rotation);3.52; ;0.50 in.;0.29 in.;1/4 in.;0.53 oz.;11;4.7;0.2794;0.427272727;Grey;6.86661E+11;0.0331;15;0.015
B11x4.7SF;"Slow Flyer
Use LPAR18SF or LPARM12SF adapter rings
Includes one set of rings from LPAR18SF
The material is the same fiberglass composite used in our grey props, just the color is black";LPB11047SF;Multi Rotor (Electric Only), Slow Fly (Electric Only), Black MR, Black SF;3.52; ;0.50 in.;0.29 in.;1/4 in.;0.53 oz.;11;4.7;0.2794;0.427272727;Black;6.86661E+11;0.0331;15;0.015
11x5.5MR;"Multi-Rotor
Use LPAR06E adapter rings (not included)";LP11055MR;Multi Rotor (Electric Only);3.38; ;0.65 in.;0.35 in.;1/4 in.;0.60 oz.;11;5.5;0.2794;0.5;Grey;6.86661E+11;0.0375;17;0.017
11x5.5MRP;"Multi-Rotor Pusher
Reverse Rotation
Use LPAR06E adapter rings (not included)";LP11055MRP;Multi Rotor (Electric Only);3.38; ;0.65 in.;0.35 in.;1/4 in.;0.60 oz.;11;5.5;0.2794;0.5;Grey;6.86661E+11;0.0375;17;0.017
11x7SF;"Slow Flyer
Use LPAR18SF or LPARM12SF adapter rings
Includes one set of rings from LPAR18SF";LP11070SF;Multi Rotor (Electric Only), Slow Fly (Electric Only);3.52; ;0.50 in.;0.31 in.;1/4 in.;0.53 oz.;11;7;0.2794;0.636363636;Grey;6.86661E+11;0.0331;15;0.015
11x7SFP;"Slow Flyer Pusher
Reverse Rotation
Use LPAR18SF or LPARM12SF adapter rings
Includes one set of rings from LPAR18SF";LP11070SFP;Multi Rotor (Electric Only), Slow Fly (Electric Only), Slow Fly Reverse Rotation (Left Hand Rotation);3.52; ;0.50 in.;0.31 in.;1/4 in.;0.53 oz.;11;7;0.2794;0.636363636;Grey;6.86661E+11;0.0331;15;0.015
12x3.8SF;"Slow Flyer
Use LPAR18SF or LPARM12SF adapter rings
Includes one set of rings from LPAR18SF";LP12038SF;Multi Rotor (Electric Only), Slow Fly (Electric Only);4.11; ;0.50 in.;0.30 in.;1/4 in.;0.63 oz.;12;3.8;0.3048;0.316666667;Grey;6.86661E+11;0.0394;17.9;0.0179
12x3.8SFP;"Slow Flyer Pusher
Reverse Rotation
Use LPAR18SF or LPARM12SF adapter rings
Includes one set of rings from LPAR18SF";LP12038SFP;Multi Rotor (Electric Only), Slow Fly (Electric Only), Slow Fly Reverse Rotation (Left Hand Rotation);4.11; ;0.50 in.;0.30 in.;1/4 in.;0.63 oz.;12;3.8;0.3048;0.316666667;Grey;6.86661E+11;0.0394;17.9;0.0179
12x4.5MR;"Multi-Rotor
Use LPAR06E adapter rings (not included)";LP12045MR;Multi Rotor (Electric Only);3.95; ;0.65 in.;0.36 in.;1/4 in.;0.78 oz.;12;4.5;0.3048;0.375;Grey;6.86661E+11;0.0488;22.1;0.0221
12x4.5MRP;"Multi-Rotor Pusher
Reverse Rotation
Use LPAR06E adapter rings (not included)";LP12045MRP;Multi Rotor (Electric Only);3.95; ;0.65 in.;0.36 in.;1/4 in.;0.78 oz.;12;4.5;0.3048;0.375;Grey;6.86661E+11;0.0488;22.1;0.0221
12x4.7SF;"Slow Flyer
Use LPAR18SF or LPARM12SF adapter rings
Includes one set of rings from LPAR18SF";LP12047SF;Multi Rotor (Electric Only), Slow Fly (Electric Only);4.11; ;0.50 in.;0.28 in.;1/4 in.;0.63 oz.;12;4.7;0.3048;0.391666667;Grey;6.86661E+11;0.0394;17.9;0.0179
12x4.7SFP;"Slow Flyer Pusher
Reverse Rotation
Use LPAR18SF or LPARM12SF adapter rings
Includes one set of rings from LPAR18SF";LP12047SFP;Multi Rotor (Electric Only), Slow Fly (Electric Only), Slow Fly Reverse Rotation (Left Hand Rotation);4.11; ;0.50 in.;0.28 in.;1/4 in.;0.63 oz.;12;4.7;0.3048;0.391666667;Grey;6.86661E+11;0.0394;17.9;0.0179
12x5.5MR;"Multi-Rotor
Use LPAR06E adapter rings (not included)";LP12055MR;Multi Rotor (Electric Only);3.95; ;0.65 in.;0.36 in.;1/4 in.;0.78 oz.;12;5.5;0.3048;0.458333333;Grey;6.86661E+11;0.0488;22.1;0.0221
12x5.5MRP;"Multi-Rotor Pusher
Reverse Rotation
Use LPAR06E adapter rings (not included)";LP12055MRP;Multi Rotor (Electric Only);3.95; ;0.65 in.;0.36 in.;1/4 in.;0.78 oz.;12;5.5;0.3048;0.458333333;Grey;6.86661E+11;0.0488;22.1;0.0221
13x4.5MR;"Multi-Rotor
Use LPAR06E adapter rings (not included)";LP13045MR;Multi Rotor (Electric Only);4.65; ;0.65 in.;0.36 in.;1/4 in.;0.85 oz.;13;4.5;0.3302;0.346153846;Grey;6.86661E+11;0.0531;24.1;0.0241
13x4.5MRP;"Multi-Rotor Pusher
Reverse Rotation
Use LPAR06E adapter rings (not included)";LP13045MRP;Multi Rotor (Electric Only);4.65; ;0.65 in.;0.36 in.;1/4 in.;0.85 oz.;13;4.5;0.3302;0.346153846;Grey;6.86661E+11;0.0531;24.1;0.0241
13x4.7SF;"Slow Flyer
Use LPAR18SF or LPARM12SF adapter rings
Includes one set of rings from LPAR18SF";LP13047SF;Multi Rotor (Electric Only), Slow Fly (Electric Only);4.84; ;0.50 in.;0.30 in.;1/4 in.;0.78 oz.;13;4.7;0.3302;0.361538462;Grey;6.86661E+11;0.0488;22.1;0.0221
13x4.7SFP;"Slow Flyer Pusher
Reverse Rotation
Use LPAR18SF or LPARM12SF adapter rings
Includes one set of rings from LPAR18SF";LP13047SFP;Multi Rotor (Electric Only), Slow Fly (Electric Only), Slow Fly Reverse Rotation (Left Hand Rotation);4.84; ;0.50 in.;0.30 in.;1/4 in.;0.78 oz.;13;4.7;0.3302;0.361538462;Grey;6.86661E+11;0.0488;22.1;0.0221
13x5.5MR;"Multi-Rotor
Use LPAR06E adapter rings (not included)";LP13055MR;Multi Rotor (Electric Only);4.65; ;0.65 in.;0.36 in.;1/4 in.;0.85 oz.;13;5.5;0.3302;0.423076923;Grey;6.86661E+11;0.0529;24;0.024
13x5.5MRP;"Multi-Rotor Pusher
Reverse Rotation
Use LPAR06E adapter rings (not included)";LP13055MRP;Multi Rotor (Electric Only);4.65; ;0.65 in.;0.36 in.;1/4 in.;0.85 oz.;13;5.5;0.3302;0.423076923;Grey;6.86661E+11;0.0529;24;0.024
14x4.7SF;"Slow Flyer
Use LPAR18SF or LPARM12SF adapter rings
Includes one set of rings from LPAR18SF";LP14047SF;Multi Rotor (Electric Only), Slow Fly (Electric Only);5.75; ;0.50 in.;0.30 in.;1/4 in.;0.88 oz.;14;4.7;0.3556;0.335714286;Grey;6.86661E+11;0.055;24.9;0.0249
14x4.7SFP;"Slow Flyer Pusher
Reverse Rotation
Use LPAR18SF or LPARM12SF adapter rings
Includes one set of rings from LPAR18SF";LP14047SFP;Multi Rotor (Electric Only), Slow Fly (Electric Only), Slow Fly Reverse Rotation (Left Hand Rotation);5.75; ;0.50 in.;0.30 in.;1/4 in.;0.88 oz.;14;4.7;0.3556;0.335714286;Grey;6.86661E+11;0.055;24.9;0.0249
14x5.5MR;"Multi-Rotor
Use LPAR06E adapter rings (not included)";LP14055MR;Multi Rotor (Electric Only);5.49; ;0.65 in.;0.38 in.;1/4 in.;1.06 oz.;14;5.5;0.3556;0.392857143;Grey;6.86661E+11;0.0663;30.1;0.0301
14x5.5MRP;"Multi-Rotor Pusher
Reverse Rotation
Use LPAR06E adapter rings (not included)";LP14055MRP;Multi Rotor (Electric Only);5.49; ;0.65 in.;0.38 in.;1/4 in.;1.06 oz.;14;5.5;0.3556;0.392857143;Grey;6.86661E+11;0.0663;30.1;0.0301
B14x8.5E;"Thin Electric
Use LPAR06E adapter rings
Includes one set of rings from LPAR06E 
The material is the same fiberglass composite used in our grey props, just the color is black";LPB14085E;Thin Electric, Black Thin Electric, Multi Rotor (Electric Only);5.99; ;0.80 in.;0.44 in.;1/4 in.;1.31 oz.;14;8.5;0.3556;0.607142857;Black;6.86661E+11;0.0816;37;0.037
B14x8.5EP;"Thin Electric Pusher
Reverse Rotation
Use LPAR06E adapter rings
Includes one set of rings from LPAR06E 
The material is the same fiberglass composite used in our grey props, just the color is black";LPB14085EP;Thin Electric, Electric Reverse Rotation (Left Hand Rotation), Black Thin Electric, Multi Rotor (Electric Only);5.99; ;0.80 in.;0.44 in.;1/4 in.;1.31 oz.;14;8.5;0.3556;0.607142857;Black;6.86661E+11;0.0816;37;0.037
15x5.5MR;"Multi-Rotor
Use LPAR06E adapter rings (not included)";LP15055MR;Multi Rotor (Electric Only);6.49; ;0.80 in.;0.36 in.;1/4 in.;1.27 oz.;15;5.5;0.381;0.366666667;Grey;6.86661E+11;0.0794;36;0.036
15x5.5MRP;"Multi-Rotor Pusher
Reverse Rotation
Use LPAR06E adapter rings (not included)";LP15055MRP;Multi Rotor (Electric Only);6.49; ;0.80 in.;0.36 in.;1/4 in.;1.27 oz.;15;5.5;0.381;0.366666667;Grey;6.86661E+11;0.0794;36;0.036
16x5.5MR;"Multi-Rotor
Use LPAR06E adapter rings (not included)";LP16055MR;Multi Rotor (Electric Only);7.69; ;0.80 in.;0.37 in.;1/4 in.;1.55 oz.;16;5.5;0.4064;0.34375;Grey;6.86661E+11;0.0969;44;0.044
16x5.5MRP;"Multi-Rotor Pusher
Reverse Rotation
Use LPAR06E adapter rings (not included)";LP16055MRP;Multi Rotor (Electric Only);7.69; ;0.80 in.;0.37 in.;1/4 in.;1.55 oz.;16;5.5;0.4064;0.34375;Grey;6.86661E+11;0.0969;44;0.044
16x5.5MRP-T;"Multi-Rotor
LH Rotation (Reverse)
T-Mount (M3 on 12mm centers)
Compatible with 4mm centering shaft
Includes 4.1mm ID adapter";LP16055MRP-T;Multi Rotor (Electric Only), T-Mount;8.2; ;0.80 in.;0.35 in. (9mm);4.1 mm;1.52 oz.;16;5.5;0.4064;0.34375;Grey;6.86661E+11;0.0948;43;0.043
16x5.5MR-T;"Multi-Rotor
RH Rotation
T-Mount (M3 on 12mm centers)
Compatible with 4mm centering shaft
Includes 4.1mm ID adapter";LP16055MR-T;Multi Rotor (Electric Only), T-Mount;8.2; ;0.80 in.;0.35 in. (9mm);4.1 mm;1.52 oz.;16;5.5;0.4064;0.34375;Grey;6.86661E+11;0.0948;43;0.043
16x7C;"Sport 
Can be used in Electric motor applications 
Standard Rotation (right hand) 
Material: 40% Carbon / 60% Nylon 
25% weight reduction over glass filled Nylon";LP16070C;Sport, Thin Electric, Multi Rotor (Electric Only);65;;1.25 in.;0.61 in.;5/16 in.;2.61 oz.;16;7;0.4064;0.4375;Black;6.86661E+11;0.1631;74;0.074
16x7CP;"Sport Pusher 
Can be used in Electric motor applications 
Reverse rotation (left hand) 
Material: 40% Carbon / 60% Nylon 
25% weight reduction over glass filled Nylon";LP16070CP;Sport, Pusher (for IC Engines), Electric Reverse Rotation (Left Hand Rotation), Multi Rotor (Electric Only);65;;1.25 in.;0.61 in.;5/16 in.;2.61 oz.;16;7;0.4064;0.4375;Black;6.86661E+11;0.1631;74;0.074
18x5.5MR;"Multi-Rotor
Use LPAR06E adapter rings (not included)";LP18055MR;Multi Rotor (Electric Only);10.72; ;1.00 in.;0.41 in.;1/4 in.;2.15 oz.;18;5.5;0.4572;0.305555556;Grey;6.86661E+11;0.1345;61;0.061
18x5.5MRP;"Multi-Rotor Pusher
Reverse Rotation
Use LPAR06E adapter rings (not included)";LP18055MRP;Multi Rotor (Electric Only);10.72; ;1.00 in.;0.41 in.;1/4 in.;2.15 oz.;18;5.5;0.4572;0.305555556;Grey;6.86661E+11;0.1345;61;0.061
